representation,test_fold,training_samples,testing_samples,accuracy,macro_f1,best_C,best_gamma,best_inner_macro_f1,grid_search_seconds,inference_seconds
Log-Mel,1,1600,400,0.48,0.46500822648433365,100.0,0.001,0.42800631936065714,3.4446883999999045,0.06945559999985562
Log-Mel,2,1600,400,0.445,0.43203017398837834,100.0,0.001,0.4251333637797105,3.8440671999996994,0.06944250000015018
Log-Mel,3,1600,400,0.4775,0.46582532441907865,100.0,0.001,0.42408651417942367,3.770291400000133,0.06851790000018809
Log-Mel,4,1600,400,0.5,0.4803691260579806,100.0,0.001,0.4121665733441713,3.7925113000001147,0.07267220000039742
Log-Mel,5,1600,400,0.4775,0.46803080978986217,100.0,0.001,0.434732180795379,3.642598000000362,0.06545349999987593
MFCC,1,1600,400,0.4575,0.44340505743191166,10.0,scale,0.44903294403059696,5.386770900000101,0.045433499999944615
MFCC,2,1600,400,0.495,0.4755232035728738,10.0,0.01,0.43896302430288836,1.9396137000003364,0.04593029999978171
MFCC,3,1600,400,0.5175,0.4987044025476923,10.0,0.01,0.43847288198744316,1.99818759999971,0.04722279999987222
MFCC,4,1600,400,0.505,0.4776554523907465,10.0,scale,0.4358378052847629,1.8885474999997314,0.04660879999983081
MFCC,5,1600,400,0.48,0.4599869411434898,10.0,scale,0.4366634316480696,1.9788520000001881,0.04556120000006558
