target,category,count
0,dog,40
1,rooster,40
2,pig,40
3,cow,40
4,frog,40
5,cat,40
6,hen,40
7,insects,40
8,sheep,40
9,crow,40
10,rain,40
11,sea_waves,40
12,crackling_fire,40
13,crickets,40
14,chirping_birds,40
15,water_drops,40
16,wind,40
17,pouring_water,40
18,toilet_flush,40
19,thunderstorm,40
20,crying_baby,40
21,sneezing,40
22,clapping,40
23,breathing,40
24,coughing,40
25,footsteps,40
26,laughing,40
27,brushing_teeth,40
28,snoring,40
29,drinking_sipping,40
30,door_wood_knock,40
31,mouse_click,40
32,keyboard_typing,40
33,door_wood_creaks,40
34,can_opening,40
35,washing_machine,40
36,vacuum_cleaner,40
37,clock_alarm,40
38,clock_tick,40
39,glass_breaking,40
40,helicopter,40
41,chainsaw,40
42,siren,40
43,car_horn,40
44,engine,40
45,train,40
46,church_bells,40
47,airplane,40
48,fireworks,40
49,hand_saw,40
