representation,labels_per_class,runs,train_samples_mean,accuracy_mean,accuracy_std,macro_f1_mean,macro_f1_std,training_seconds_mean,inference_seconds_mean
Log-Mel,1,25,50.0,0.1191,0.01978899104721276,0.09668248254502611,0.016387776238377328,0.5311109440000473,0.0016556360000322457
Log-Mel,2,25,100.0,0.1684,0.017557643159984013,0.14427186193112804,0.015423514544948436,1.2094392200000221,0.0017783840000265628
Log-Mel,5,25,250.0,0.225,0.025769410160110376,0.207124877107123,0.02211065537230305,2.8348314679999564,0.0018045880000499893
Log-Mel,10,25,500.0,0.2822,0.025813029655582853,0.2650376702738428,0.02448904047149658,1.1840871599999991,0.0016806519999954617
Log-Mel,20,25,1000.0,0.3187,0.026211479673354316,0.3010702163440524,0.021319540146868116,1.97834498799999,0.0017990440000357922
Log-Mel,full,5,1600.0,0.3505,0.033652637340927695,0.3366925733694074,0.027540051632088013,2.693562379999912,0.0017004600000291247
MFCC,1,25,50.0,0.1003,0.020390970223769806,0.07671931886802458,0.016492581140313014,0.03418409600002633,0.0010154840000359399
MFCC,2,25,100.0,0.1365,0.019351464199555208,0.11697525884139358,0.01613013241119278,0.152683328000021,0.0010147200000210433
MFCC,5,25,250.0,0.1997,0.03251858443003529,0.1871612836443792,0.027766603255558093,0.2722173280000243,0.0010482479999882343
MFCC,10,25,500.0,0.25420000000000004,0.02518390689838785,0.2421012773184137,0.0228164286905447,0.3424910720000116,0.0010031119999621297
MFCC,20,25,1000.0,0.3236,0.024163936627406818,0.30813367726977375,0.02261344591203097,0.39450569999999063,0.0010588559999996506
MFCC,full,5,1600.0,0.368,0.026004807247891688,0.35207238620622106,0.02186706266047333,0.46866787999988446,0.000922540000101435
