representation,test_fold,labels_per_class,seed,train_samples,test_samples,accuracy,macro_f1,training_seconds,inference_seconds
MFCC,1,1,1,50,400,0.075,0.06773307566186823,0.03207380000003468,0.0016430000000582368
Log-Mel,1,1,1,50,400,0.1025,0.08328428675618811,0.46839989999989484,0.0017408999997314822
MFCC,1,1,2,50,400,0.075,0.05494424824687982,0.030487799999718845,0.0007294000001820677
Log-Mel,1,1,2,50,400,0.105,0.09442794650399006,0.5165578000001005,0.0013948999999229272
MFCC,1,1,3,50,400,0.13,0.08561966073501483,0.03252610000026834,0.0010032000000137486
Log-Mel,1,1,3,50,400,0.1475,0.11259634908022967,0.49106780000010986,0.0015848000002733897
MFCC,1,1,4,50,400,0.075,0.059177443531442074,0.034638900000118156,0.0012651000001824286
Log-Mel,1,1,4,50,400,0.1025,0.0915288294228236,0.494013300000006,0.001552300000184914
MFCC,1,1,5,50,400,0.07,0.05463326714118578,0.032859800000096584,0.0010293000000274333
Log-Mel,1,1,5,50,400,0.1175,0.09267571854668627,0.4283984000003329,0.00151880000021265
MFCC,1,2,1,100,400,0.12,0.1094732120738178,0.15826370000013412,0.0008523999999852094
Log-Mel,1,2,1,100,400,0.135,0.12210965333256356,1.1333248999999341,0.0013108000002830522
MFCC,1,2,2,100,400,0.13,0.10809513596158261,0.13626670000030572,0.0008364999998775602
Log-Mel,1,2,2,100,400,0.17,0.13165942937053898,1.296306100000038,0.0015705000000707514
MFCC,1,2,3,100,400,0.125,0.10581524751261061,0.1351279999998951,0.0007983999998941727
Log-Mel,1,2,3,100,400,0.18,0.1511390974302689,1.008803799999896,0.0018183000001954497
MFCC,1,2,4,100,400,0.1475,0.12807750294367512,0.15355730000010226,0.0009295999998357729
Log-Mel,1,2,4,100,400,0.18,0.14966340753199822,1.4242630000003373,0.0015898999999990338
MFCC,1,2,5,100,400,0.1175,0.09808568142424842,0.17035050000004048,0.0008311000001413049
Log-Mel,1,2,5,100,400,0.1525,0.1371305819181442,1.0139577999998437,0.0013603000002149201
MFCC,1,5,1,250,400,0.2075,0.19153254108504003,0.2739430000001448,0.001541900000120222
Log-Mel,1,5,1,250,400,0.2175,0.20705435787553306,2.982358700000077,0.0014806999997745152
MFCC,1,5,2,250,400,0.1725,0.1653627992061345,0.30945999999994456,0.0008676999996168888
Log-Mel,1,5,2,250,400,0.22,0.21345071492872003,2.930386500000168,0.0021122000002833374
MFCC,1,5,3,250,400,0.1725,0.16850921409744937,0.3275152999999591,0.001019799999994575
Log-Mel,1,5,3,250,400,0.21,0.1993197692719917,2.963386999999784,0.001433199999610224
MFCC,1,5,4,250,400,0.175,0.17743044929220644,0.267698499999824,0.0009377999999742315
Log-Mel,1,5,4,250,400,0.2325,0.2189981283416917,2.967868400000043,0.0013958999998067156
MFCC,1,5,5,250,400,0.1925,0.17972471513128535,0.25591469999972105,0.0009906000000228232
Log-Mel,1,5,5,250,400,0.21,0.19906763836972016,3.518320600000152,0.0021341000001484645
MFCC,1,10,1,500,400,0.25,0.2455993206790734,0.3454132000001664,0.0009697000000414846
Log-Mel,1,10,1,500,400,0.27,0.2606956394512593,1.3495121999999355,0.0013856999999006803
MFCC,1,10,2,500,400,0.24,0.23984456624573736,0.35114960000009887,0.0008963000000221655
Log-Mel,1,10,2,500,400,0.2525,0.22640766969179943,1.1141224000002694,0.001954099999693426
MFCC,1,10,3,500,400,0.2425,0.23044134377062092,0.36911860000009256,0.001367399999708141
Log-Mel,1,10,3,500,400,0.295,0.29022655071555326,1.3996305000000575,0.00181460000021616
MFCC,1,10,4,500,400,0.23,0.21959310318961683,0.3864747000002353,0.0008351999999831605
Log-Mel,1,10,4,500,400,0.25,0.23446151578787197,1.3214677000000847,0.0015511999999944237
MFCC,1,10,5,500,400,0.2775,0.2690476096419696,0.35063769999987926,0.0011549999999260763
Log-Mel,1,10,5,500,400,0.3175,0.3070453066932613,1.3436858999998549,0.0012480000000323344
MFCC,1,20,1,1000,400,0.345,0.32481314545273354,0.39397839999992357,0.0011113000000477768
Log-Mel,1,20,1,1000,400,0.2825,0.27382563277795474,1.9821705999997903,0.001613699999779783
MFCC,1,20,2,1000,400,0.3425,0.33263262760631185,0.41628529999979946,0.0007522000000790285
Log-Mel,1,20,2,1000,400,0.2925,0.2788936102813745,2.111613699999907,0.001634100000046601
MFCC,1,20,3,1000,400,0.2975,0.2897098370537595,0.38224510000009104,0.0008994999998321873
Log-Mel,1,20,3,1000,400,0.285,0.2871784503168269,2.1953977999996823,0.0017360000001644948
MFCC,1,20,4,1000,400,0.3025,0.29141026911796863,0.4507810000000063,0.0007703999999648659
Log-Mel,1,20,4,1000,400,0.255,0.2420924772196141,2.2934353999999075,0.0016718000001674227
MFCC,1,20,5,1000,400,0.2975,0.28004854001818946,0.4064357000002019,0.0008852000000842963
Log-Mel,1,20,5,1000,400,0.2925,0.28086753094798594,2.1630890999999792,0.0012495999999373453
MFCC,1,full,0,1600,400,0.3575,0.3404169806995624,0.49402509999981703,0.0008166000002347573
Log-Mel,1,full,0,1600,400,0.3125,0.30598520863381545,2.7464218999998593,0.0013568999997914943
MFCC,2,1,1,50,400,0.0825,0.06773104088893563,0.03188430000000153,0.001091300000098272
Log-Mel,2,1,1,50,400,0.095,0.08462764407214123,0.5403355000003103,0.0014743000001544715
MFCC,2,1,2,50,400,0.1375,0.09724474841833926,0.038065999999616906,0.001068900000063877
Log-Mel,2,1,2,50,400,0.0975,0.07799295105384639,0.5671454000002996,0.0018362999999226304
MFCC,2,1,3,50,400,0.08,0.047010949834479246,0.034345399999892834,0.0011048000001210312
Log-Mel,2,1,3,50,400,0.1125,0.09379915268022686,0.5562589000001026,0.0016859999996086117
MFCC,2,1,4,50,400,0.0925,0.08064904112359797,0.03234329999986585,0.0008165000003828027
Log-Mel,2,1,4,50,400,0.1225,0.10073610106858188,0.47172269999964556,0.0016540000001441513
MFCC,2,1,5,50,400,0.11,0.07906430273618581,0.032731799999965006,0.0007823000000826141
Log-Mel,2,1,5,50,400,0.15,0.11012917402963168,0.5082047000000784,0.0013482999997904699
MFCC,2,2,1,100,400,0.13,0.1189335616784466,0.15427469999985988,0.0010812000000441913
Log-Mel,2,2,1,100,400,0.15,0.13205606742691142,1.0474723000002086,0.002154300000256626
MFCC,2,2,2,100,400,0.175,0.13676627046843767,0.13799729999982446,0.0012395000003380119
Log-Mel,2,2,2,100,400,0.195,0.1654882838242195,1.328301200000169,0.0013039000000389933
MFCC,2,2,3,100,400,0.1325,0.11451274988855487,0.13655800000015006,0.0010413999998490908
Log-Mel,2,2,3,100,400,0.1625,0.12473258850599526,1.0939935000001242,0.001906299999973271
MFCC,2,2,4,100,400,0.105,0.09543537158364186,0.1617866999999933,0.0007560000003650202
Log-Mel,2,2,4,100,400,0.1575,0.1318299601317504,1.2722536999999647,0.0015754000000924862
MFCC,2,2,5,100,400,0.14,0.12074440253165522,0.15797890000021653,0.0008496000000377535
Log-Mel,2,2,5,100,400,0.175,0.15641924719702524,0.9912575000003017,0.0012913000000480679
MFCC,2,5,1,250,400,0.19,0.180040543836196,0.27155390000007174,0.0011535999997249746
Log-Mel,2,5,1,250,400,0.2125,0.18767781545725626,3.0049975000001723,0.0020404000001690292
MFCC,2,5,2,250,400,0.2275,0.20911632000419694,0.2710399999996298,0.0010560000000623404
Log-Mel,2,5,2,250,400,0.205,0.18573667821701853,2.7305327999997644,0.0017560000001139997
MFCC,2,5,3,250,400,0.155,0.14275923156796216,0.2814044000001559,0.0009988000001612818
Log-Mel,2,5,3,250,400,0.2275,0.20708102842223985,2.9199392000000444,0.0017045999998117622
MFCC,2,5,4,250,400,0.15,0.1396614775168147,0.28181910000012067,0.0011077000003751891
Log-Mel,2,5,4,250,400,0.2125,0.18672190992328289,3.0323497999997926,0.0017274000001634704
MFCC,2,5,5,250,400,0.1875,0.17917084080444323,0.2664976999999453,0.0012682000001404958
Log-Mel,2,5,5,250,400,0.24,0.22262922115206174,2.7574555999999575,0.0016697999999450985
MFCC,2,10,1,500,400,0.27,0.2538501997247454,0.35369859999991604,0.0010090999999192718
Log-Mel,2,10,1,500,400,0.2975,0.27486935374776617,1.1813043000001926,0.0012259999998605053
MFCC,2,10,2,500,400,0.25,0.23512827789909496,0.2916163999998389,0.0009316000000580971
Log-Mel,2,10,2,500,400,0.2725,0.2582466608524961,1.1798401000000922,0.0010176999999202962
MFCC,2,10,3,500,400,0.235,0.2213232991563857,0.33965230000012525,0.0008877999998730957
Log-Mel,2,10,3,500,400,0.2575,0.2376707639110116,1.321694999999636,0.001427000000148837
MFCC,2,10,4,500,400,0.27,0.2515228892194836,0.349183499999981,0.0010615000001052977
Log-Mel,2,10,4,500,400,0.315,0.28228779862893466,1.108179299999847,0.0013561000000663626
MFCC,2,10,5,500,400,0.2225,0.21593902059711723,0.32642200000009325,0.0009308999997301726
Log-Mel,2,10,5,500,400,0.29,0.278053998848103,1.1887449999999262,0.0012864999998782878
MFCC,2,20,1,1000,400,0.305,0.2910277966914257,0.3850462000000334,0.0016944999997576815
Log-Mel,2,20,1,1000,400,0.3275,0.3026678768906121,1.887715699999717,0.0013575000002674642
MFCC,2,20,2,1000,400,0.31,0.29927126129878856,0.3809545000003709,0.0007924000001366949
Log-Mel,2,20,2,1000,400,0.32,0.29493683920512564,1.718087000000196,0.0016991000002235523
MFCC,2,20,3,1000,400,0.3025,0.2894882859770462,0.3733772999999019,0.0008894000002328539
Log-Mel,2,20,3,1000,400,0.3075,0.28811891830220004,2.1203065999998216,0.0017133999999714433
MFCC,2,20,4,1000,400,0.3175,0.30023303131810336,0.37372959999993327,0.0008621000001767243
Log-Mel,2,20,4,1000,400,0.34,0.316918057787623,2.0092807000000903,0.0018759000004138215
MFCC,2,20,5,1000,400,0.275,0.257534811274884,0.3555470000001151,0.0008416999999099062
Log-Mel,2,20,5,1000,400,0.3275,0.30235559464042433,2.051455899999837,0.0016286000000036438
MFCC,2,full,0,1600,400,0.34,0.323586312410313,0.4500681999998051,0.0008714999999028805
Log-Mel,2,full,0,1600,400,0.3325,0.3173433382922547,2.764075000000048,0.0014003000001139299
MFCC,3,1,1,50,400,0.09,0.06832037369310219,0.02985450000005585,0.0007166000000324857
Log-Mel,3,1,1,50,400,0.09,0.07437163460385074,0.5935448999998698,0.0012578000000758038
MFCC,3,1,2,50,400,0.1125,0.08034981930661513,0.04117980000000898,0.0009077999998226005
Log-Mel,3,1,2,50,400,0.12,0.09343068290451657,0.586837999999716,0.000995399999737856
MFCC,3,1,3,50,400,0.085,0.05704473065927373,0.03449009999985719,0.0009485999999014894
Log-Mel,3,1,3,50,400,0.09,0.0629645018723966,0.6398220999999467,0.002007400000366033
MFCC,3,1,4,50,400,0.13,0.09803354643926726,0.034082000000125845,0.0009061999999175896
Log-Mel,3,1,4,50,400,0.1475,0.12591879593233832,0.560466599999927,0.001962300000286632
MFCC,3,1,5,50,400,0.105,0.08294396938680058,0.0332669999997961,0.0011358000001564506
Log-Mel,3,1,5,50,400,0.1575,0.12746478993857363,0.5095227000001614,0.0016113000001496403
MFCC,3,2,1,100,400,0.1375,0.10955868260753171,0.14221839999981967,0.0008389999998144049
Log-Mel,3,2,1,100,400,0.1525,0.12911663168365456,1.0727606999998898,0.0017029999999067513
MFCC,3,2,2,100,400,0.1625,0.138983323536804,0.15293239999982688,0.0007757999997011211
Log-Mel,3,2,2,100,400,0.1375,0.11762277721886154,2.277607900000021,0.0018136999997295788
MFCC,3,2,3,100,400,0.1325,0.10727758066164711,0.24091050000015457,0.0011730000001080043
Log-Mel,3,2,3,100,400,0.1575,0.13324028033439797,2.0868014000002404,0.0022352999999384338
MFCC,3,2,4,100,400,0.1575,0.1379217062779118,0.20341740000003483,0.001400999999987107
Log-Mel,3,2,4,100,400,0.18,0.15547676645704545,1.9442149000001336,0.0022914000001037493
MFCC,3,2,5,100,400,0.1075,0.08972201293330326,0.14498600000024453,0.0007453999996869243
Log-Mel,3,2,5,100,400,0.1675,0.1418695228464294,1.0431399999997666,0.002260900000237598
MFCC,3,5,1,250,400,0.2225,0.20770487213389355,0.25893719999976383,0.000901999999769032
Log-Mel,3,5,1,250,400,0.2425,0.21507520899803845,2.8974969999999303,0.0022587000003113644
MFCC,3,5,2,250,400,0.26,0.23630413904736236,0.2636016000001291,0.0010860000002139714
Log-Mel,3,5,2,250,400,0.3,0.2616869416695151,2.649387899999965,0.001909200000227429
MFCC,3,5,3,250,400,0.1875,0.17774807648719412,0.3359122000001662,0.0010108999999829393
Log-Mel,3,5,3,250,400,0.23,0.1993950107663932,2.69115389999979,0.0017674999999144347
MFCC,3,5,4,250,400,0.175,0.1680260246772729,0.30766910000011194,0.0008925000001909211
Log-Mel,3,5,4,250,400,0.22,0.21921197582374055,2.8242479000000458,0.0017785999998523039
MFCC,3,5,5,250,400,0.185,0.16606662816513307,0.25399490000017977,0.0010466000003361842
Log-Mel,3,5,5,250,400,0.185,0.16399757881599314,2.799306599999909,0.0016820999999254127
MFCC,3,10,1,500,400,0.3075,0.27757965928625644,0.2948986999999761,0.0011829000000034284
Log-Mel,3,10,1,500,400,0.3375,0.30557752663473486,1.093542399999933,0.002637900000081572
MFCC,3,10,2,500,400,0.275,0.2572989506716792,0.3538346999998794,0.000875000000178261
Log-Mel,3,10,2,500,400,0.2825,0.26607587971024504,1.2265933999997287,0.0016789000001153909
MFCC,3,10,3,500,400,0.215,0.20742202637403875,0.3508083000001534,0.0011915000000044529
Log-Mel,3,10,3,500,400,0.2875,0.27061860001024085,1.3079313000002912,0.002027300000008836
MFCC,3,10,4,500,400,0.26,0.24762963638025023,0.3420222999998259,0.000863000000208558
Log-Mel,3,10,4,500,400,0.265,0.24344257851649154,1.1340962999997828,0.00222589999975753
MFCC,3,10,5,500,400,0.2475,0.22544206428470795,0.3909240000002683,0.0009883999996418424
Log-Mel,3,10,5,500,400,0.285,0.2639019153344514,1.1796626999998807,0.001884400000108144
MFCC,3,20,1,1000,400,0.3375,0.32846496931225694,0.3915572999999313,0.0015828000000510656
Log-Mel,3,20,1,1000,400,0.3375,0.3203759762993173,1.850892400000248,0.0017917999998644518
MFCC,3,20,2,1000,400,0.34,0.32557004674032536,0.4064502999999604,0.0015632999998160813
Log-Mel,3,20,2,1000,400,0.3375,0.3132573183386213,1.8735600999998496,0.002349000000322121
MFCC,3,20,3,1000,400,0.315,0.30480209268902225,0.40923049999992145,0.0011750999997275358
Log-Mel,3,20,3,1000,400,0.3175,0.3049191471142339,2.139595499999814,0.001950200000010227
MFCC,3,20,4,1000,400,0.295,0.2722561653569057,0.3977383999999802,0.0013045999999121705
Log-Mel,3,20,4,1000,400,0.295,0.2821770506247017,1.9997502000001077,0.0019110000002910965
MFCC,3,20,5,1000,400,0.3025,0.2802630153756146,0.40192019999994955,0.0015557000001535926
Log-Mel,3,20,5,1000,400,0.31,0.2929302048141057,2.00167139999985,0.002154499999960535
MFCC,3,full,0,1600,400,0.3875,0.3679063381167972,0.45021219999989626,0.000789100000019971
Log-Mel,3,full,0,1600,400,0.3475,0.3348790668433286,2.6646907999997893,0.0021922999999333115
MFCC,4,1,1,50,400,0.0925,0.06750990630300784,0.03243960000008883,0.0011064999998779967
Log-Mel,4,1,1,50,400,0.1125,0.09183976300691875,0.559099999999944,0.0021165000002838497
MFCC,4,1,2,50,400,0.1325,0.10693301346505009,0.03700060000028316,0.0012743000002046756
Log-Mel,4,1,2,50,400,0.135,0.11595071010860485,0.5311820000001717,0.0020246999997652892
MFCC,4,1,3,50,400,0.105,0.06914544312708361,0.03186520000008386,0.0011899999999513966
Log-Mel,4,1,3,50,400,0.1225,0.08637917387513104,0.46835590000000593,0.001524400000107562
MFCC,4,1,4,50,400,0.125,0.09752201484954559,0.03789249999999811,0.0010211999997409293
Log-Mel,4,1,4,50,400,0.1325,0.10694582116860502,0.5290873000003558,0.0020008000001325854
MFCC,4,1,5,50,400,0.1,0.07662235133287763,0.03146150000020498,0.0010213000000476313
Log-Mel,4,1,5,50,400,0.1375,0.11648914256251716,0.5227819000001546,0.0020921000000271306
MFCC,4,2,1,100,400,0.1525,0.13190217348606095,0.1470871999999872,0.000996700000087003
Log-Mel,4,2,1,100,400,0.2075,0.17338030910784297,0.9626945999998497,0.001953899999989517
MFCC,4,2,2,100,400,0.1675,0.14341156417018486,0.14812670000037542,0.001573100000314298
Log-Mel,4,2,2,100,400,0.185,0.17063560595839875,1.0818239000000176,0.0018117999998139567
MFCC,4,2,3,100,400,0.1475,0.12179149355145992,0.16555299999981798,0.0009135000000242144
Log-Mel,4,2,3,100,400,0.18,0.16237192568926315,1.0082249000001866,0.0023538999998891086
MFCC,4,2,4,100,400,0.165,0.13834913226414275,0.13276129999985642,0.0009704999997666164
Log-Mel,4,2,4,100,400,0.185,0.15064388916398608,0.9546056999997745,0.0018009999998866988
MFCC,4,2,5,100,400,0.105,0.08118171393627781,0.13281300000016927,0.0010179000000789529
Log-Mel,4,2,5,100,400,0.185,0.16202556225220965,0.9209409000000051,0.0019517000000632834
MFCC,4,5,1,250,400,0.265,0.23608895225263515,0.24742409999998927,0.001236099999914586
Log-Mel,4,5,1,250,400,0.275,0.24327927165953123,2.5971918000000187,0.0017818999999690277
MFCC,4,5,2,250,400,0.2225,0.20243702724726353,0.24756539999998495,0.001040600000123959
Log-Mel,4,5,2,250,400,0.2275,0.2040166198535764,2.437809799999741,0.0020559000004141126
MFCC,4,5,3,250,400,0.245,0.23386988959401125,0.3023278000000573,0.0009235999996235478
Log-Mel,4,5,3,250,400,0.2675,0.25271872340279933,2.5097977999998875,0.0010965999999825726
MFCC,4,5,4,250,400,0.1775,0.16307301222807694,0.3193776000002799,0.0007190999999693304
Log-Mel,4,5,4,250,400,0.19,0.17966770976395185,3.7945315000001756,0.002356899999995221
MFCC,4,5,5,250,400,0.24,0.22518503288936725,0.2498608000000786,0.0010505999998713378
Log-Mel,4,5,5,250,400,0.2175,0.19488248258544044,2.7771496999998817,0.001455699999951321
MFCC,4,10,1,500,400,0.2775,0.2604041401666789,0.2909284000002117,0.0011264999998275016
Log-Mel,4,10,1,500,400,0.27,0.2480451152946105,1.0266670000000886,0.0021058999996057537
MFCC,4,10,2,500,400,0.2775,0.260467892203119,0.2988761000001432,0.001047400000061316
Log-Mel,4,10,2,500,400,0.29,0.27004120996834685,1.172052000000349,0.0014688000001115142
MFCC,4,10,3,500,400,0.22,0.21159305598841807,0.35289789999978893,0.0010889999998653366
Log-Mel,4,10,3,500,400,0.3075,0.2901223809529322,1.2659727000000203,0.0016649000003781111
MFCC,4,10,4,500,400,0.2375,0.22234091522449917,0.3758295000002363,0.0009030000001075678
Log-Mel,4,10,4,500,400,0.2975,0.2732455555084224,1.0763358999997763,0.0015923000000839238
MFCC,4,10,5,500,400,0.2775,0.2589419336619767,0.41231359999983397,0.0008647999998174782
Log-Mel,4,10,5,500,400,0.305,0.28530835228844376,1.1846543999999994,0.0018371999999544641
MFCC,4,20,1,1000,400,0.3425,0.31942763514435346,0.40122680000013133,0.0009503000001132023
Log-Mel,4,20,1,1000,400,0.355,0.3287614224829327,1.89241949999996,0.0018504999998185667
MFCC,4,20,2,1000,400,0.3575,0.33430481260412603,0.37057800000002317,0.0010621999999784748
Log-Mel,4,20,2,1000,400,0.35,0.32956576768231094,1.8921695000003638,0.0016476999999213149
MFCC,4,20,3,1000,400,0.3625,0.3418580416009409,0.36062360000005356,0.0010270000002492452
Log-Mel,4,20,3,1000,400,0.3425,0.31196944895489787,2.0087341000003107,0.0020881999998891843
MFCC,4,20,4,1000,400,0.3425,0.3234813621076779,0.3972579000001133,0.0010631000000103086
Log-Mel,4,20,4,1000,400,0.34,0.3138254318033561,1.9316093000002184,0.0018148999997720239
MFCC,4,20,5,1000,400,0.365,0.33467132291886637,0.41084449999971184,0.0008751000000302156
Log-Mel,4,20,5,1000,400,0.365,0.34150532226631297,1.977148500000112,0.0014185999998517218
MFCC,4,full,0,1600,400,0.4025,0.37870418261897515,0.44021459999976287,0.0010559000002103858
Log-Mel,4,full,0,1600,400,0.4025,0.3761911780058233,2.411570799999936,0.0016048000002228946
MFCC,5,1,1,50,400,0.0925,0.07320792126203353,0.039259600000150385,0.0009092000000237022
Log-Mel,5,1,1,50,400,0.095,0.08124311233341416,0.6785565999998653,0.001382700000249315
MFCC,5,1,2,50,400,0.1025,0.08752104231911277,0.04409350000014456,0.0010254999997414416
Log-Mel,5,1,2,50,400,0.115,0.09407410066753609,0.49520090000032724,0.0018943999998555228
MFCC,5,1,3,50,400,0.0875,0.07574037504884645,0.029887500000313594,0.0009199000000990054
Log-Mel,5,1,3,50,400,0.12,0.08023280326190475,0.5063212000000021,0.001207799999974668
MFCC,5,1,4,50,400,0.125,0.1098883692745325,0.0370480999999927,0.0008741999999983818
Log-Mel,5,1,4,50,400,0.1125,0.10847599730744366,0.4986849000001712,0.0014329999999063148
MFCC,5,1,5,50,400,0.095,0.07339231691553673,0.02882369999997536,0.0008962000001702108
Log-Mel,5,1,5,50,400,0.1375,0.10948288086755578,0.5562041999996836,0.0020896999999422405
MFCC,5,2,1,100,400,0.1425,0.12060406828564423,0.13322909999988042,0.0012642000001505949
Log-Mel,5,2,1,100,400,0.1575,0.14030987797543187,0.991874800000005,0.0016411999999945692
MFCC,5,2,2,100,400,0.135,0.11655762274204631,0.14782599999989543,0.0012248000002728077
Log-Mel,5,2,2,100,400,0.18,0.15343882879513285,1.2344253999999637,0.001382000000376138
MFCC,5,2,3,100,400,0.1275,0.12457690769563079,0.1446802000000389,0.0010521999997763487
Log-Mel,5,2,3,100,400,0.165,0.14117258087031948,0.9995687999999063,0.001520299999810959
MFCC,5,2,4,100,400,0.1225,0.11710454204565121,0.14601450000009208,0.0010150000002795423
Log-Mel,5,2,4,100,400,0.1575,0.13529728334537192,1.1824934999999641,0.0020202999999128224
MFCC,5,2,5,100,400,0.1275,0.10949981077387187,0.1323656999998093,0.0011902000001100532
Log-Mel,5,2,5,100,400,0.155,0.13796638991043916,0.8648693000000094,0.0018381999998382526
MFCC,5,5,1,250,400,0.2375,0.2146695537109725,0.250914499999908,0.0009592999999767926
Log-Mel,5,5,1,250,400,0.24,0.2154800959163787,2.5014611999999943,0.0019910999999410706
MFCC,5,5,2,250,400,0.155,0.15312370189150376,0.23054820000015752,0.0012386999997033854
Log-Mel,5,5,2,250,400,0.21,0.20113579739833606,2.763768599999821,0.0020023000001856417
MFCC,5,5,3,250,400,0.1875,0.17835915847138759,0.23818729999993593,0.0010796000001391803
Log-Mel,5,5,3,250,400,0.215,0.19682833465124486,2.405078499999945,0.0019598000003497873
MFCC,5,5,4,250,400,0.1975,0.19802625255870646,0.24640810000028068,0.0009409999997842533
Log-Mel,5,5,4,250,400,0.2175,0.2127675212758804,2.5044928000002074,0.0014423000002352637
MFCC,5,5,5,250,400,0.205,0.185041637212971,0.24585780000006707,0.001137499999913416
Log-Mel,5,5,5,250,400,0.2,0.19024139313773925,2.910315599999649,0.0021218000001681503
MFCC,5,10,1,500,400,0.23,0.22877922825991207,0.3082119999999122,0.0010256000000481436
Log-Mel,5,10,1,500,400,0.25,0.24586579702634348,0.9862231000001884,0.002038099999936094
MFCC,5,10,2,500,400,0.29,0.2814703514445202,0.3697920999998132,0.0010011000003942172
Log-Mel,5,10,2,500,400,0.2625,0.24743780954690897,1.2388576000003013,0.0021240000000943837
MFCC,5,10,3,500,400,0.255,0.2457992317280243,0.34098130000029414,0.0010641999997460516
Log-Mel,5,10,3,500,400,0.2625,0.24278821119802407,1.0033317999996143,0.0013832999998157902
MFCC,5,10,4,500,400,0.2175,0.20581138125720166,0.3004916999998386,0.0009420999999747437
Log-Mel,5,10,4,500,400,0.2275,0.22033618015970954,1.0440290000001369,0.001508299999841256
MFCC,5,10,5,500,400,0.28,0.2792618359052139,0.3160995999996885,0.0008687999998073792
Log-Mel,5,10,5,500,400,0.3075,0.3031693863681076,1.1540469999999914,0.0015722000002824643
MFCC,5,20,1,1000,400,0.3075,0.29986405606926536,0.3937353000001167,0.0008662000000185799
Log-Mel,5,20,1,1000,400,0.2925,0.2847681601612817,1.7913806999999906,0.0018620999999257037
MFCC,5,20,2,1000,400,0.3475,0.3333148793609286,0.42483569999967585,0.0009712999999464955
Log-Mel,5,20,2,1000,400,0.3225,0.3135230608669833,1.8788510000003953,0.0019323999999869557
MFCC,5,20,3,1000,400,0.32,0.3146561863078218,0.38450509999984206,0.001026099999762664
Log-Mel,5,20,3,1000,400,0.315,0.30224698486927587,1.7639561000000867,0.001808300000448071
MFCC,5,20,4,1000,400,0.34,0.32243451553606356,0.3787989000002199,0.0010204000000157976
Log-Mel,5,20,4,1000,400,0.32,0.30198426274970896,1.866281799999797,0.002130200000010518
MFCC,5,20,5,1000,400,0.32,0.31180322481096473,0.4149598999997579,0.0009294999999838183
Log-Mel,5,20,5,1000,400,0.3375,0.31709086120352775,2.0580520999997134,0.0020869999998467392
MFCC,5,full,0,1600,400,0.3525,0.3497481171854574,0.5088193000001411,0.0010796000001391803
Log-Mel,5,full,0,1600,400,0.3575,0.34906407507181497,2.881053399999928,0.0019480000000839937
